key,sequence
-1,MRNRVSTVQQLTKRFSLGMLQGRGPLKLFMALVAFLRFLTIPPTAGILKRWGTIKKSKAINVLRGFRKEIGRMLNILNRRRR
-1,-RNRVSTVQQLTKRFSLGMLQGRGPLKLFMALVAFLRFLTIPPTAGILKRWGTIKKSKAINVLRGFRKEIGRMLNILNRRRR
-1,-RNRVSTVQQLTKRFSLGMLQGRGPLKLFMALVAFLRFLTIPPTAGILKRWGTIKKSKAINVLRGFRKEIGRMLNILNRRRR
-1,-RNRVSTVQQLTKRFSLGMLQGRGPLKLFMALVAFLRFLTIPPTAGILKRWGTIKKSKAINVLRGFRKEIGRMLNILNRRRR
-1,-RNRVSTVQQLTKRFSLGMLQGRGPLKLFMALVAFLRFLTIPPTAGILKRWGTIKKSKAINVLRGFRKEIGRMLNILNRRRR
-1,-RNRVSTVQQLTKRFSLGMLQGRGPLKLFMALVAFLRFLTIPPTAGILKRWGTIKKSKAINVLRGFRKEIGRMLNILNRRRR
-1,-RNRVSTVQQLTKRFSLGMLQGRGPLKLFMALVAFLRFLTIPPTAGILKRWGTIKKSKAINVLRGFRKEIGRMLNILNRRRR
-1,-RNRVSTVQQLTKRFSLGMLQGRGPLKLFMALVAFLRFLTIPPTAGILKRWGTIKKSKAINVLRGFRKEIGRMLNILNRRRR
-1,-RNRVSTVQQLTKRFSLGMLQGRGPLKLFMALVAFLRFLTIPPTAGILKRWGTIKKSKAINVLRGFRKEIGRMLNILNRRRR
-1,-RNRVSTVQQLTKRFSLGMLQGRGPLKLFMALVAFLRFLTIPPTAGILKRWGTIKKSKAINVLRGFRKEIGRMLNILNRRRR
-1,-RNRVSTVQQLTKRFSLGMLQGRGPFKLFMALVAFLRFLTIPPTAGILKRWGTIKKSKAINVLRGFRKEIGRMLNILNRRRR
-1,-RNRVSTVSQLAKRFSKGLLSGQGPMKLVMAFIAFLRFLAIPPTAGILARWGSFKKSGAIKVLRGFKKEISNMLNIMNRRKR
-1,-RNRVSTVSQLAKRFSKGLLSGQGPMKLVMAFIAFLRFLAIPPTAGILARWGSFKKNGAIKVLRGFKKEISNMLNIMNRRKR
-1,-RNRVSTVSQLAKRFSKGLLSGQGPMKLVMAFIAFLRFLAIPPTAGVLARWGSFKKNGAIKVLRGFKKEISNMLNIMNRRKR
-1,-RNRVSTVQQLTKRFSLGMLQGRGPLKLFMALVAFLRFLTIPPTAGILKRWGTIRKSKAINVLRGFRKEIGRMLNILNRRRR
-1,-RNRVSTVQQLTKRFPLGMLQGRGPLKLFMALVAFLRFLTIPPTAGILKRWGTIKKSKAINVLRGFRKEIGRMLNTLNRRRR
-1,-RNRVSTVQQLTKRFSLGMLQGRGPLKLFMALVAFFCFLTIPPTAGILKRWGTIKKSKAINVLRGFRKEIGRMLNILNRRRR
-1,-RNRVSTVSQLAKRFSKGLLSGQGPMKLVMAFIAFLRFLAIPPTAGILARWSSFKKNGAIKVLRGFKKEISNMLNIMNRRKR
-1,-RNRVSTGSQLAKRFSKGLLSGQGPMKMVMAFIAFLRFLAIPPTAGILARWSSFKKNGAIKVLRGFKKEISSMLNIMNRRKR
-1,-RNRVSTGSQLAKRFSKGLLNGQGPMKLVMAFIAFLRFLAIPPTAGVLARWGTFKKSGAIKVLKGFKKEISNMLSIINKRKR
-1,-RNRVSTVQQLTKRFSPGMLQGRGPLKLFMALVAFLRFLSIPPTAGILKRWGTIKKSKAINVLRGFRKELGRMLNIFNRRRR
-1,-RNRVSTVSQLAKRFSKGLLSGQGPMKLVMAFIAFLRFLAIPPTAGILARWGSFKKNGAIKVLRGFKKEISNMLNIMNRRR-
-1,-RNRVSTVSQLAKRFSKGLLSGQGPMKLVMAFIAFLRFLAIPPTAGILARWGSFKKNGAIKVLRGFKREISNMLNIMNRRR-
-1,-RNRVSTGSQLAKRFSKGLLSGQGPMKLVMAFIAFLRFLAIPPTAGILARWSSFKKNGAIKVLRGFKKEISSMLNIMNRRKR
-1,-RNRVSTGSQLAKRFSKGLLNGQGPMKLVMAFIAFLRFLAIPPTAGVLARWGTFKKSGAIKVLKGFKKEISNMLSIINRRK-
-1,-RNRVSTGSQLAKRFSKGLLSGQGPMKLVMAFIAFLRFLAIPPTAGVLARWGTFKKSGAIKVLKGFKKEISNMLSIINKRK-
-1,-RNRVSTGSQLAKRFSKGLLSGQGPMKMVMAFIAFLRFLAIPPTAGILARWSSFKKNGAIKVLRGFKKEISSMLNIMNRRK-
-1,-RNRVSTGSQLAKRFSKGLLSGQGPMKLVMAFIAFLRFLAIPPTAGVLARWGTFKKSGAIKVLKGFKKEISNMLSIINKRK-
-1,-RNRVSTGSQLAKRFSRGLLNGQGPMKLVMAFIAFLRFIAIPPTAGILARWGTFKKSGAIKVLRGFKKEISNMLSIINRRK-
-1,-RNRVSTGSQLAKRFSKGLLNGQGPMKLVMAFIAFLRFLAIPPTAGVLARWGTFKKSGAIKVLKGFKKEISNMLSIINKRK-
-1,-RNRVSTGSQLAKRFSKGLLNGQGPMKLVMAFIAFLRFLAIPPTAGVLARWGTFKKSGAIKVLKGFKKEISNMLSIINKRK-
-1,-RNRVSTGSQLAKRFSKGLLSGQGPMKLVMAFIAFLRFLAIPPTAGFLARWSSFKKNGAIKVLRGFKKEISSMLNIMNRRKR
-1,-RNRVSTGSQLAKRFSRGLLNGQGPMKLVMAFIAFLRFLAIPPTAGVLARWGTFKKSGAIKVLKGFKKEISNMLSIINKRK-
-1,-RNRVSTGSQLAKRFSKGLLNGQGPMKLVMAFIAFLRFLAIPPTAGVLARWGTFKKSGAIKVLKGFKKELSNMLSIINKRK-
-1,-RNRVSTGTQLAKRFSRGLLNGQGPMKLVMAFIAFLRFLAIPPTAGILARWGTFKKSGAIKVLKGFKKEISNMLSIINKRK-
-1,----VSTVQQLTKRFSLGMLQGQGPLKLFMALVAFLRFLTIPPTAGILKRWGTIKKSKAINVLRGFRKEIGRMLNILNRRRR
-1,-RNRVSTVQQLTKRFSLGMLQGRGPLKLFMALVAFLRFLTIPPTAGILKRWGTMKKSKAINVLRGLRKEIERMLNIFNRRRR
-1,-RNRVSTGSQLAKRFSKGLLSGQGPMKLVMAFIAFLRFLAIPPTAGILARWSSFKKNGAIKVLRGFKKEISSMLNIMDRRKR
-1,-RNRVSPGSQLAKRFSQGLLTGQGPLKLVMAFIAFLRFLAIPPTAGILARWGTFKKSGAIKVLKGFKREISNMLSIINKRK-
-1,-RNRVSTGSQLAKRFSKGLLNGQGPMKLVMAFIAFLRFLAIPPTAGVLARWGTFKKSGAIKVLKGFKREISNMLSKINKRK-
-1,-RNRVSTGSQLAKRFSKGLLNGQGPMKLVMAFIAFLRFLAIRPTAGVLARWGTFKKSGAIKVLKGFKKEISNMLSIINNRK-
-1,-RNPVSTGSQLAKRFSRGLLNGQGPMKLVMAFIAFLRFLAIPPTAGVLARWGTFKKSGAIKVLKGFKKEISNMLSIINKRK-
-1,-RNRVSTVQQLTKRFSLGMLQGKGPLKLFMALVAFLRFLTIPPTMGILTRWGAIKKSRAIKILKGFKREIGRMLNILNRRK-
-1,-RNRVSTGSQLAKRFSKGLLNGQGPMKLVMAFIAFIRFPAIPPTAGVLARWGTFMKSGAIKVLKGFKKEISNMLSIINKRK-
-1,-RIRVSTVQQLTKRFSLGMLQGRGPLKLFMSLVAFLRFLTIPPTEGILKRWGTIKKSKAINVLRGFRKEIGRMLNILYRRR-
-1,----VSTVSQLAKRFSKGLLSGQGPMKLVMAFMAFLRFLAIPPTAGILARWGSLKKNGAIKVLRGFKKEISNMLSIMNRRKR
-1,-------VQQLTKRFSLGMLQGRGPLQLFMALVAFLRFLTIPPTAGILKRWGTIKKSKAINVLRGFRKEIGRMLNILNRRRR
-1,-RNRVSTVQQLTKRFSLGMLQGRGPLKLFMALVALPRFLTIPPTAGILKRWGTIKKSKAINDVRGCRKEIGRMLNILNRRRR
-1,-RNRVSNVQQVTKRFSLGMVQGRGPYKMFMAWVAFLCFLTIPPTAGILKGWGTIKKSKAINVLRGFRKEIGRMVNILNRRGR
-1,---RVSTGSQLAKRFSKGLLTGQGPLKLVMAFIAFLRFLAIPPTAGVLARWGTFKKSGAIKVRKGFKKEISNMLNIINKRK-
-1,----VSTGSQLGKRLSRGLLNGQGPMKLVMAFIAFLRFLAIPPTAGILARWGTFKKSGAIKVLRGFKREISNMLSIINRRK-
-1,-RNRVSTVQQLTARFSLGMLQGRGPLKLFMALVAFLCFLTIPPTAGILKRWGTIKKSKAINVFRGFRKEIGRMLNFLKWRRR
-1,-RNRVSTGSQLAKRFSKGFLHGQGPMKLVMAFIAFLRLLAIPPTAGVLARWGTFKKSGAIKVLKGFKREISNMLSIINK---
-1,---RVSTGSQLAKRFSKGLLNGQGPMKLVMAFIPFLIFLAIPPTAGVLARWGTFKKSGAIKVLKGFKREISNMLSIINKRK-
-1,---RVSTGSQLAKRFSKGLLNGQGPMKLFMVVITFLRFLAIPPTAGVLARWGTFKKSGAIKVLKGFKKEISNMLSIINKRK-
-1,-RNRVSTPQGLVKRFSTGLFSGKGPLRMVLAFITFLRVLSIPPTAGILKRWGQLKKNKAIKILTGFRKEIGRMLNILNGRKR
-1,-RNRVSTPQGLVKRFSTGLFSGKGPLRMVLAFITFLRVLSIPPTAGILKRWGQLKKNKAIKILTGFRKEIGRMLNILNGRKR
-1,-RNRVSTPQGLVKRFSTGLFSGKGPLRMVLAFITFLRVLSIPPTAGILKRWGQLKKNKAIKILIGFRKEIGRMLNILNRRRR
-1,-RNRVSTPQGLVKRFSIGLFSGKGPLRMVLAFITFLRVLSIPPTAGILKRWGQLKKTKAIKILTGFRKEIGRMLNILNGRKR
-1,-RNRVSTPQGLVKRFSTGLFSGKGPLRMVLAFITFLRVLSIPPTAGILKRWGQLKKNKAIKILIGFRKEIGRMLNILNGRKR
-1,-RNRVSTPQGLVKRFSTGLFSGKGPLRMVLAFITFLRVLSIPPTAGILKRWGQLKKNKAIKILIGFRKEIGRMLNILNGRKR
-1,-RNRVSTPQGLVKRFSTGLFSGKGPLRMVLAFITFLRVLSIPPTAGILKRWGQLKKNKAIKILTGFRKEMGRMLNILNGRKR
-1,-RNRVSTPQGLVKRFSTGLFSGKGPLRMVLAFITFLRVLSIPPTAGILKRWGQLKKNKAIRILTGFRKEIGRMLNILNGRKR
-1,-RNRVSTPQGLVKRFSTGLFSGKGPLRMVLALITFLRVLSIPPTAGILKRWGQLKKNKAIKILIGFRKEIGRMLNILNGRKR
-1,-RNRVSTPQGLVKRFSTGLFSGKGPLRMVLALITFLRVLSIPPTAGILKRWGQLKKNRAIKILIGFRKEIGRMLNILNGRKR
-1,-------VQQL-KRFSLGMLQGRGPLKLFMALVAFLRFLTIPPTAGILKRWGTIKKSKAIIVLRGFRKEIGRMLNILNRRRR
-1,-RNRVSTPQGLVKRFSTGLFSGKGPLRMVLALVTFLRVLSVPPTAGILKRWGQLKKNKAIKILIGFRKEIGRMLNILNGRKR
-1,-------------RFSKGLLSGQGPMKLVMAFIAFLRFLAIPPTAGILARWGSFKKNGAIKVLRGFKKEISNMLNIMNRRKR
-1,------------KRSSLGMLQGRGPLKLFMALVAFLRFLTIPPTAGILKRWGTIKKSKAINVLRGFRKEIGRMLNILNRRRR
-1,-----------AKRFSNGLLNGQGPMKLVMAFIAFLRFLAIPPTAGVLARWGTFKKSGAIKVLKGFKREISNMLSIINKRK-
-1,------TGSQLAKRFSRGLLNGQGPMKLVMAFIAFLRFLAIPPTAGVLARWGTFRKSRAVKVLKGFKKETSNMLSIINKRK-
-1,-----------AKRFSKGLLNGQGPMKLVMAFIAFLRFLAIPPTAGVLARWGTFKKSGAIKVLKGFKKEVSNMLSIINKPK-
-1,----------------LGMLQGRGPLKLFMALLAFLRFLTIPPTAGILKRWGTIKKSKAINVLRGFRKEIGRMLNILNRRRR
-1,-----------AKKFSKGLLNGQGPMKLVMAFIAFLKFLAIPPTAGVLARWGTFKKSGAIKVLKGFKREISNMLSIINKRK-
-1,--------------FSLGMLQGRGPLKLLMALVAFLRFLTIPPTAGILKRWGTIKKSKAINVLRGFRKEIGRMLNILNRRR-
-1,----VSTPQGLVKRFSTGLFSRKGPLRMVLAFITFLRVLSIPPTAGILKRWGQLKKNKAIKILIGFRKEIGRMLNILNRRRR
-1,-----------AKRFSKGLLNGQGPMKLVMAFIAFLRFLAIPPTAGFLARWGTFKKLGAIKVLKGFKREISNMLTIINKRK-
-1,---------------SKGLLSGQGPMKLVMAFIAFLRFLAIPPTAGILARWGSFKKNGAIKVLRGFKKEISNMLNIMNRRR-
-1,---------------SKGLLSGQGPMKLVMAFIAFLRFLAIPPTAGILARWGSFKKNGAIKVLRGFKKEISNMLNIMNRRR-
-1,-RNRVSNVQPVKKGFSLGIVPGRGPLKIFLALGAFLCFLTIPPTAGVIKRWGTIKKLKALNVLRGFRKEIGRMLNILNRRRR
-1,--------------FPQGLLSGQGPMKMVMAFIAFLKFLAIPPTAGILARWSSFKKNGAIKVLRGFKKEISSMLNIMNRRKR
-1,-----------------GMLQGRGPLKLFMALVAFLRFLTIPPTTGILKRWGTIKKSKAINVLRGFRKEIGRMLNILNRRRR
-1,-------------RVPLGMLQGRGPLKLFMALVAFLRFLTIPPTAGILKRWGTIKKSKAINVLRGFRKEIGRMLNILNR---
-1,------------------MLQGRGPLKLFMALVAFLRFLTIPPTAGILKRWGTIKKSKAINVLRGFRKEIGRMLNILNRRRR
-1,------------------MLQGRGPLKLFMALVAFLRFLTIPPTAGILKRWGTIKKSRAINVLRGFRKEIGRMLNILNRRRR
-1,-RNRVSTGSQLAKRFSKGLLSGQGPMKLVMAFIAFLRFLAIPPTAGILARWSSFKKNGAIKVLRGF----------------
-1,------------------MLQARGPLKLFMALVAFLRFLTIPPTAGILKRWGTIKKSKAINVLRGFRKEIGRMLNILNRRRR
-1,-----------------GLLSGQGPMNLVMAFIAFLRFLAIPQTAGILARWGSFKKNGAIKVLRGFNKEISNMLNIMNRRKR
-1,---RVSPLVG-VKRVIMNLLDGRGPIRFVLALLAFFKFTALAPTKALISRWKAVEKSVAMKHLTSFKKELGTLINAVNKRG-
-1,-------------------LQGRGPLKLFMALVAFLRFLTIPPTAGILKRWGTIKKSKAINVLRGFRKEIGRMLNILNRRR-
-1,-----------AERDLLGMLPGQGPLKLFLALVAFLRFLSIPPTAGILKRWGTIKKSKAINVLRGFRKEIGRMLNILNGRNR
-1,---RVFPLVG-VKRVVMNLLDGRGPIRFVLALLAFFRFTALAPTKALMRRWKSVNKTTAMKHLTSFKKELGTLIDVVNKRG-
-1,---RVFPLVG-VKRVVMNLLDGRGPIRFVLALLAFFRFTALAPTKALIRRWKSVNKTTAMKHLTSFKKELGTLIDVVNKRG-
-1,---RVFPLVG-VKRVVMNLLDGRGPIRFVLALLAFFRFTALAPTKALIRRWKSVNKTTAMKHLTSFKKELGTLIDVVNKRG-
-1,---RVFPLVG-VKRVVMSLLDGRGPVRFVLALITFFKFTALAPTKALLGRWKAVEKSVAMKHLTSFKRELGTLIDAVNKRGR
-1,---RVLSLIGL-KRAMLSLIDGKGPIRFVLALLAFFRFTAIAPTRAVLDRWRGVNKQTAMKHLLSFKKELGNLTSAINRR--
-1,---RVFPLVG-VKRVVMSLLDGRGPVRFVLALITFFKFTALAPTKALLGRWKAVEKSVAMKHLTSFKRELGTLIDAVNKRGR
-1,---RVFPLVG-VKRVVMSLLDGRGPVRFVLALITFFKFTALAPTKALLGRWKAVEKSVAMKHLTSFKRELGTLIDAVNKRGR
-1,----VSPIKG-IKRLIGNLTDGRGPLRVVLAFIAFFRFAAIMPTQGLLRRWRVMNKSEALKHLTSFKKEISNMLNIINRRK-
-1,---RVFPLVG-VKRVVMSLLDGRGPVRFVLALITFFKFTALAPTKALLGRWKAVEKSVAMKHLTSFKRELGTLIDAVNKRGR
-1,---RVPSLIGL-KRAMLSLIDGKGPIRFVLALLAFFRFTAIAPTKAVLDRWRKVNKQTAMKHLLSFKKELGTLTSAINRR--
-1,---RVPSLIGL-KRAMLSLIDGKGPIRFVLALLAFFRFTAIAPTKAVLDRWRKVNKQTAMKHLLSFKKELGTLTSAINRR--
-1,---RVLSLIGL-KRAMLSLIDGKGPIRFVLALLAFFRFTAIAPTRAVLDRWRGVNKQTAMKHLLSFKKELGTLTSAINRR--
-1,---RVLSLIGL-KRAMLSLIDGKGPIRFVLALLAFFRFTAIAPTRAVLDRWRGVNKQTAMKHLLSFKKELGTLTSAINRR--
-1,---RVLSLIGL-KRAMLSLIDGKGPIRFVLALLAFFRFTAIAPTRAVLDRWRGVNKQTAMKHLLSFKKELGTLTSAINRR--
-1,---RVMSLIGL-KRAMLSLIDGKGPIRFVLALLAFFKFTAIAPTRALLDRWRGVNKQTAMKHLLSFKKELGTLTNAMNRR--
-1,---RVYPLVG-VKRVVMSLLDGRGPVRFVLALLTFFKFTALAPTRALLKRWKAVDKKTAMKHLASFKKELGVMVNAVNRRG-
-1,---RVFPLVG-VKRVVMSLLDGRGPVRFVLALLAFFKFTALAPTKALLGRWKRINKTTAMKHLTSFKKELGTMINVVNNRG-
-1,-RNSVSSEQQLKKRFSLGMLQGRGPLKGIMTGEAFLRLNTIPPTAGILKRWGTIKKSKAHKVMRGFRKEIGRIPTIENRRER
-1,--------------FSKGLLSGQGPMKLVMAFIAFLRFLAIPPTAGILA-WSSFKKNGAIKVLRGFKKEISSMLNILNGRK-
-1,------------KRAMLSLMDGKGPTRFVLALLAFFRFTAIAPTRAVLDRWRGVNKQTAMKHLLSFKKELGTLTSAINRR--
-1,---RVFPLVG-VKRVVMGLLDGRGPVRFVLALMTFFKFTALAPTKALLGRWKRINKTTAMKHLTSFKKELGTMINVVNNRG-
-1,------------KRAMLSLIDGKGPIRFVLALLAFFRFTAIAPTRAVLDRWRGVNKQTAMKHLLSFKKELGTLTSAINRR--
-1,----------------------RGPLKLFMALLAFLRFLTIPPTAGILKRWGTIKKSKAINVLRGFRKEIGRMLNILNRRRR
-1,------------KRAMLSLIDGKGPIRFVLALLAFFRFTAIAPTRAVLDRWRGVNKQTAMKHLLSFKKELGTLTSAINRR--
-1,---RVLSLIGL-KRAMLSLIDGKGPIRFVLALLAFFRFTAIAPTRAVLERWKRVNKQTAMKHLLSFKRELGALTNTINRR--
-1,---RVLSLIGL-KRAMLSLIDGRGPIRFVLALLTFFRFTAIAPTRALLDRWRGVRKQTAMKHLLSFKKELGALTNAMNKR--
-1,---RVSPLMG-IKRMLNSLLDGRGPIRFVLALLTFFKFTAIAPTKALINRWRSVEKGTAMKHLASFKKELGTLIDVVNRR--
-1,----VSTPQGLVKRFSTGLFSGKGPLRMVLALITFLRVLSIPPTAGILKRWGQLKKNKAIKILIGFRKGEGRMLNILN----
-1,---RASPLQGL-KRMIGNLLDGRGPLKMVLAILTFFRFTAIRPTTGLLRRWGLMEKKEAIKHLSKFKKDLGQMLMIVNRRK-
-1,----------------------RGPLKLFMALVAFLRFLTIPPTAGILKRWGTIKKSKAINFLRGFRKEIGRMLNFLNRRRR
-1,------------KRAILSLIDGRGPIRFVLALLAFFKFTAIAPTRAVLERWRGVNKQTAMKHLTSFKKELGILTNAISRR--
-1,------------KRAILSLIDGRGPIRFVLALLAFFKFTAIAPTRAVLERWRGVNKQTAMKHLTSFKKELGILTNAISRR--
-1,---RVSPFGGL-KRLPAGLLLGHGPIRMVLAILAFLRFTAIKPSLGLINRWGSVGKKEAMEIIKKFKKDLAAMLRIINARK-
-1,---RVSPFGGL-KRLPAGLLLGHGPIRMVLAILAFLRFTAIKPSLGLINRWGSVGKKEAMEIIKKFKKDLAAMLRIINARK-
-1,---RVSPFGGL-KRLPAGLLLGHGPIRMVLAILAFLRFTAIKPSLGLINRWGSVGKKEAMEIIKKFKKDLAAMLRIINARK-
-1,---------------STGLFSGKGPLRMVLAFITFLRVLSIPPTAGILKRWGQLKKNKAIKILTGFRKEMGRMLNILNGRKR
-1,----------------LSLIDGKGPIRFVLALLAFFRFTAIAPTRAVLDRWRGVNKQTAMKHLLSFKKELGTLTSAINRR--
-1,---RVIPPGGGLKRLPVGLLLGRGPIKMILAILAFLRFTAIKPSTGLINRWGKVGKKEAIKILTKFKADVGTMLRIINNRK-
-1,---RVNPLTGL-KRILGSLLDGRGPVRFILAILTFFRFTALQPTEALKRRWRAVDKRTALKHLNGFKRDLGSMLDTINRR--
-1,---RVNPLTGL-KRILGSLLDGRGPVRFILAILTFFRFTALQPTEALKRRWRAVDKRTALKHLNGFKRDLGSMLDTINRR--
-1,---RAGPLQAL-KRMLGELLDGRGPIRFVLALLTFFKFTAISPTKALITRWKTVDKTTALKHLKSFKKDLGNMMNVVNGRG-
-1,---RAGPLQAL-KRMLGELLDGRGPIRFVLALLTFFKFTAISPTKALITRWKTVDKTTALKHLKSFKKDLGNMMNVVNGRG-
-1,-------------------------LKLFMALVAFLRFLTIPPTAGILKRWGTIKKSKAINVLRGFRKEIGRMLNILNRRRR
-1,------------------LLSGQGPMKLVMAFIAFLRFLAIPPTAGILARWSSV---SCIKVLRGFKKEISSMLNIMNRRKR
-1,------------------MLQGRGPLKLFMALVAFFLFLTIPPTAGILKRWGTIKKSKAIIVLRGFRKKIGRMLNILNR---
-1,-----------------SLIDGKGPIRFVLALLAFFKFTAIAPTRALLDRWRGVNKQTAMKHLLSFKKELGTLTNAMNRR--
-1,------------KRMFAGLLDGRGPLRMVLAILAFFRFTALKPTAGLLKRWGMMDKVHALSLLRGFKKDLASMTDIVHRRK-
-1,---RVSPLVG-VKRVIMNLLDGRGPIRFVLALLAFFKFTALAPTKALVSRWKAVEKSVAMKHLTSFKRELG-----------
-1,------------------------PLKLFMALVAFLRFLTIPPTAGILKRWGTIKKSKAINVLRGFRKEIGRMLTLLNRRRR
-1,---RVSPFGGL-KRLPAGLLLGHGPIRMVLAILAFLRFTAIKPSLGLINRWGSVGKKEAMEIIKKFKKDLAAILRIINARK-
-1,-------------------------LKLCMALVAFLRFLTIPPTAGILKRWGTIKKSKAINVLRGFRKEIGRMLNILNRRRR
-1,---RVNPLGGL-KRLPAGLLLGHGPIRMVLAILAFLRFTAIKPSLGLINRWGSVGKKEAMEIIKKFKKDLAAMLRIINARK-
-1,------------------MLQGRGPLKLFVALVAFLLFLTIPPTAGILKRWGTIKKSKAIIVLRGFRKKIGRMLNILNRKR-
-1,----------------------------VMAFIAFLRFLAIPPTAGILARWSSFKKNGAIKVLRGFKKEISNMLNIMNRRKR
-1,------------KRMFANLLDGRGPLRLVLALVAFFRFTDLKPTAGLLKRWGMMDKIHALSLLKGFKKDLASMTDIINRRK-
-1,----------------------------FMALVAFLRFLTIPPTAGILKRWGTIKKSKAINVLRGFRKEIGRMLNILNRRR-
-1,------------------------PLRMVLAFITFLRFLSIPPTAGILKRWGQLKKNKAIKRLTGFRKEIGRMLNILNGRKR
-1,------------KRMFSSLLDGRGPLRMILALLAFFKFTALRPTAGLLRRWMTVDKLHAIALLRSFKRDIATMTNTINRRK-
-1,-----------------------------MAFIAFLRFLAIPPTAGVLARWGTFKKSGAIKVLKGFKKEISNMLSIINKRK-
-1,------------KRMLADLLDGKGPLRLVLALVAFFRFTALRPTTGLLKRWGMMDKLHALSLLKGFKKDLASMIDTINRRK-
-1,---------------STGLFSGKGPLRMVLALLTFLPVLSIPPTAGILKKWGQLKKNKAIKILIGFRKEIGRMLNILNGKKR
-1,-------VQQLTLRFSLGMLQGEDRCNCswpwWHSFVSEQSHQQQGYNKDGERSW--VKKSMAINILRGFRKEIGRMLNILNRRRR
-1,---RVLSLIGL-KRAMLSLIDGKGPIRFVLALLAFFRFTAIAPTRAVLDRWRGVNKQTAMKHLLSFKK--------------
-1,----VSPLKG-AKKLFGELLSGKGAMRLILALMAFFRFAAIKPTLGLKKRWRSVNKTVAVKHLTNFKKELTTMLDSVNKRK-
-1,----------------------------VLAFITFLRVLSIPPTAGILKRWGQLKKNKAIKILTGFRKEIGRMLNILNGRKR
-1,-----------IKRTIDGVLRGAGPIRFVLALLTFFKFTALRPTIGMLKRWKLVGVNEATKHLKSFKRDIGQMLDGLNKRK-
-1,------------------------------------RFLAIPPTAGILARWSSFKKNGAIKVLRGFKKEISNMLNIMNRRKR
-1,------------KKILMKLLGGFGPVRLVLAFLAFFKFTSLRPSPGLLKRWSSVGKKEASRTLKGFKKDIGQMLNTINKRKR
-1,---------------------------FVLALLAFFRFTAIAPTRAVLDRWRGVNKQTAMKHLLSFKKELGTLTSAINRR--
-1,--NAASPV-RLAKRLLGEAFSGRGPLRVILAVIAFFRFTAIKMSPALLKKWGTVEKGAALAIMKSFKKEIGNMLDTVSRRK-
-1,--NAASPL-GLAKRLLGDAFAGRGPLRVILAVVAFFRFTAIKMSPALLKKWGTVEKGAAIAIMKSFKKEIGSMLDVVARRK-
-1,----------------KGLLSGQGPMKMVMAFIAFLRFLAIPPTAGILARWSSFKKNGAIKVLR------------------
-1,-----------IKRMLDGLFKGIGPIRIVLAFLTFFKFTALKPTAGLLRRWKIVGVAEATRHLKSFRKDIGQMLDGLNKRG-
-1,-----------IKRMLDGLLRGVGPVRIVLAILTFFKFTALKPTAGLLRRWKLVGVVEATRHLKSFRKDIGQMLDGLNRRG-
-1,----------------------------FMALVAFLRFLTIPPTAGILKRWGTIKKSKAINVLRGFRKEIGSIFEVL-RRGR
-1,------------------------------------KFLAIPPTPGILARWSSFKKNGAIKVLRGFKKDISNMLNIMNRRKR
-1,-RNRVSTVQQLTKRFSLGMLQGRGPLKLFMALVAFLRFLTIPPTA-------------------------------------
-1,---RVLSLIGL-KRAMLSLIDGKGPIRFVLALLAFFRFTAIAPTRAVLDRWRGVNKQTAM----------------------
-1,---RVPNPVDLVKRTVGKLINGVGPLRLVLAMLTFFRFSALKPTAGLVKRWTKMKPAPAVKILQNFRKQLGSMIQTLSNRK-
-1,------------------------------------KFLAIPPTAGILARWSSFKKNGAIKVLRGFKKDISKMLKIMNRRKR
-1,----------------------PGPMKLLHGFLAFLRFLAILPTAGILARWGSFKKNGAIKVLRSSKKEsqLGH-----NDRRR
-1,---RVPNPVDLVKRTVGRLMNGIGPLRLVLAMMTFFRFSALKPKTGMVKRWMKLQPAPAIKILQNFRKQIGSMIQTLSNRK-
-1,--------------------------------ITFFKFTALAPTKALLGRWRAVEKSVAMKHLTSFKRELGTLIDAVNKRG-
-1,---------------------------FVLALLAFFRFTAIAPTRAVLDRWRGVNKQTAMKHLLSFKKEI------------
-1,------------------------------------KFLAIPPTAGILARWSSFKNNGAIKVLRGFKKDISNMLNIMNLIKR
-1,----------------------------------FFKFTALAPTKALVSRWKAVEKSVAMKHLTSFKKELGTLINAVNKRG-
-1,---------------------------------SFFKFTALAPTKALLGRWRAVEKSVAMKHLTSFKRELGTLIDAVNKRG-
-1,---RVTDAMAPVKKIFNEVLTGRGIVRAFLALLMFMRFLSIKPPKHMTERWKKVKKSEGLKILKGFKSDIGTKLNQLNKR--
-1,------------------------------------SFLAIRAFAGFLERWGSFKKNGAMDVLRGLKKEISRMLNIMNRRKR
-1,---RVPPPKRVAKMVATKLAAGIGSLKGFLAFFLFMTFSGRKMSKDAHRRFRTLDKTKALKVLSSFKRVLGNLMKTLQGRK-
-1,---RVPPPKRVAKMVATKLAAGIGSLKGFLAFFLFMTFSGRKMSKDAHRRFRTLDKTKALKVLSSFKRVLGNLMKTLQGRK-
-1,---------------------------FVLALLAFFRFTAIAPTRAVLDRWRGVNKETAMSHLLSFKKEL------------
-1,MRKRITTrltdPIGAIINVVKMVFLGRGPMKAFMSVMTFLRFMSINPGKNMVRKWKNVDKKQGIDILRRFKRMIGTMMKGLTTRK-
-1,-RRALSPVEAAVK-LVKNVFVGKGPTRAIMAVMAMLRFLAMRPSASLKQRWHKVDRKEGSKVLGKFRNVIGDMLKDLNSRKR
-1,-RRALSPVEAAVK-LVKNVFVGKGPTRAIMAVMAMLRFLAMRPSASLKQRWHKVDRKEGSKVLGKFRNVIGDMLKDLNSRKR
-1,-RRALSPVEAVIK-LVKNVFVGKGPTRAIMAVMAMLRFLAMRPSVALRQRWHKVDRREGSKVLGKFRNVIGDMLKDLNSRKR
-1,------------------------------------------------KRWGTIKKSKAIKVLRGFRKEIGRMMNILNRRRR
-1,----VPPPMRVAKMAAKKVMIGIGSLKAFLALFLFMTFTGRKISNAQHKRFRSIDKTQAMKVLATFKKILGNLMKTLQMRK-
-1,--------------------------------------------AGIFARWSSFKKNGAIKVLRGFKKEISSMLNIMNRRKR
-1,----VPPPMRVAKMAAKKVMMGIGSLKAFLALFLFMTFTGRKISNEQHKRFRSIDKTKAMKVLATFKKILGNLMKTLQTRK-
-1,----VPPPMRVAKMAAKKVMMGIGSLKAFLALFLFMTFTGRKISNEQHKRFRSIDKTKAMKVLATFKKILGNLMKTLQTRK-
-1,-------------------LRGLGPIRIVLAMAAFLHFIGLQAPRELIRRFLIIPKREAINVLRGFKKQVGAMMNRVNNRKR
-1,------PLVGNIIKAVGQALRGLGSIRLVFAMSAFLHFVGIRAPRELVRRFLVVPKGEAMHVLKGFKKALGSMMNGVNSRKR
-1,---RVPAPKRVAKMVATKLAAGIGSLKGFLAFFLFMTFSGKKMSKDAHKRFRAVDKTKALKILASFKKVLGNLMKTLQGRR-
-1,MIRRVTSPLDSLLNLIRTVLSGRGPLRAVVALMAMLKFMAMRPTRALKVRWTGLDKKRGTVVLHKLRETIGGMLRDLNGRK-
-1,------------------------------------RFLAVPPTAGVLAPWGTFNIPGAISVLRGLLKEISYLQRII-----
-1,-----SPLEGAVK-LVKNVFLGKGPSRAILAVCAMLRFMAMRPSTLLKQRWHRIDRKEGSKVLGKFKHVLGDMLKDMNARK-
-1,-RSRGSTVQQLTKRFSLGMLQGRGPLKLFMALVAFLR---------------------------------------------
-1,-RNRVSTVQQLTKRFSLGMLQGQGPLKLFMALVA------------------------------------------------
-1,------------KRAMLSLIDGKGPIRFVLALLAFFRFTAIAPTRAGL----------------------------------
-1,---RVSGPKRVLARASKSIMQSLAGLRATVAYLLYMTFLGNKVSNATKQKFRNAKKSDVIKILSGFKRTVTNLLSSVQKRK-
-1,---RVSGPKRVLARASKSIMQSLAGLRATVAYLLYMTFLGNKVSNATKQKFRNAKKSDVIKILSGFKRTVTNLLSSVQKRK-
-1,---RVLSLIGL-KRAMLSLIDGRGPIRFVLALLTFFR---------------------------------------------
-1,---------------------------------------------------------GAIKVLKGFKKEISNMLSIINKRK-
-1,------PPRRVPKETAKKTRQGPGRlpnglvlMRMMGVLWHMVAGTARNP---ILKRfWATVPDRQAIAALRKIRKTVGLLLDSLNKRR-
-1,------PPRRVPKETAKKTRQGPGRlpnglvlMRMMGVLWHMVAGTARNP---ILKRfWATVPVRQAIAALRKIRKTVGLLLDSLNKRR-
-1,---------------------------------------------------------KAINVLSGFRKEARRMLNILNRRRR
-1,-------------------------------------FSGRKPNALLKKRWHALDKVRGMKLLRALKNIVSSLMRGLAGKK-
-1,MRNRVSTVQQLTKRFSLGMLQGRGPLKLFMALVAFLRFLTIPPTAGILKRWGTIKKSKAINVLRGFRKEIGRMLNILNRRRR
-1,-RNRVSTVQQLTKRFSLGMLQGRGPLKLFMALVAFLRFLTIPPTAGILKRWGTIKKSKAINVLRGFRKEIGRMLNILNRRRR
-1,-RNRVSTVQQLTKRFSLGMLQGRGPLKLFMALVAFLRFLTIPPTAGILKRWGTIKKSKAINVLRGFRKEIGRMLNILNRRRR
-1,-RNRVSTVQQLTKRFSLGMLQGRGPLKLFMALVAFLRFLTIPPTAGILKRWGTIKKSKAINVLRGFRKEIGRMLNILNRRRR
-1,-RNRVSTVQQLTKRFSLGMLQGRGPLKLFMALVAFLRFLTIPPTAGILKRWGTIKKSKAINVLRGFKKEIGRMLNILNRRRR
-1,--PRVPTPRRVARNVANRLNVGMNGIRAFLAMFLLMLFTGRKVSAANHKRFRSLDKNQAMKILATFKRILGNLMKTLQGRKK
-1,--PRVPTPRRVARNVANRLNVGMNGIRAFLAMFLLMLFTGRKVSAANHKRFRSLDKNQAMKILATFKRILGNLMKTLQGRKK
-1,-RNRVSTPQGLVKRFSTGLFSGKGPLRMVLAFITFLRVLSIPPTAGILKRWGQLKKNKAIKILTGFRKEIGRMLNILNGRKR
-1,-RNRVSTVSQLAKRFSKGLLSGQGPMKLVMAFIAFLRFLAIPPTAGILARWSSFKKNGAIKVLRGFKKEISNMLNIMNRRKR
-1,-RNRVSTGSQLAKRFSKGLLSGQGPMKLVMAFIAFLRFLAIPPTAGILARWSSFKKNGAIKVLRGFKKEISSMLNIMNRRKR
-1,-RNRVSTGSQLAKRFSKGLLNGQGPMKLVMAFIAFLRFLAIPPTAGVLARWGTFKKSGAIKVLKGFKKEISNMLSIINKRKK
-1,------------KRLPAGLLLGHGPIRMVLAILAFLRFTAIKPSLGLINRWGSVGKKEAMEIIKKFKKDLAAMLRIINARK-
-1,------------KRAMLSLIDGKGPIRFVLALLAFFRFTAIAPTRAVLDRWRGVNKQTAMKHLLSFKKELGTLTSAINRR--
-1,------------------LIDGKGPIRFVLALLAFFKFTAIAPTRALLDRWRGVNKQTAMKHLLSFKKELGTLTNAMNRR--
-1,------------KRVVMSLLDGRGPVRFVLALITFFKFTALAPTKALLGRWKAVEKSVAMKHLTSFKRELGTLIDAVNKRGR
-1,----------VKKIF-NEVLTGRGIVRAFLALLMFMRFLSIKPPKHMTERWKKVKKSEGLKILKGFKSDIGTKLNQLNKR--
-1,------TVKTVSRNARKNVERGAMVIRATIVAMIMSLFSGRKPNALLKKRWHALDKVRGMKLLRALKNIVSSLMRGLAGKKK
-1,----------------------------------FFKFTALAPTKALLGRWRAVEKSVAMKHLTSFKRELGTLIDAVNKR--
-1,---------QKTKQIGNRPGPSRG-VQGFIFFFLFNVLTGRKITAHLKKLWRMLDPRQGLAVLKKVKRVVASLMRGLSSRKR
-1,---------QKTKQIGNRPGPSRG-VQGFIFFFLFNILTGKKITAHLKRLWKMLDPRQGLAVLRKVKRVVASLMRGLSSRKR
-1,-------PRRVPKETAKKTRQGPGrlPNGLVLMRMMGVLWHMVAGTARNpiLKRfWATVPDRQAIAALRKIRKTVGLLLDSLNKRR-